hashtag,link,label
sport,https://www.tiktok.com/@erlinatrieu/video/7518242500994239752,not_harmful
food,https://www.tiktok.com/@bonggil.eating.show/video/7546871085665438981,not_harmful
game,https://www.tiktok.com/@user9195902917044/video/7563908251738197270,not_harmful
review,https://www.tiktok.com/@kienthanhle90/video/7003282456975527195,not_harmful
tín_dụng_đen,https://www.tiktok.com/@lethuyetlaws/video/7017046521338170650,harmful
travelvlog,https://www.tiktok.com/@vixxctoria/video/7526941142018166021,not_harmful
fitness,https://www.tiktok.com/@perchoi.fitness/video/7533605921038110007,not_harmful
study,https://www.tiktok.com/@ivyhocbai/video/7429755804833549575,not_harmful
ancungtiktok,https://www.tiktok.com/@nthoa65/video/7512113321659682055,not_harmful
psychic,https://www.tiktok.com/@_askthepsychic/video/7568042921006501175,harmful
thethao,https://www.tiktok.com/@24h.sports/video/7486053017658068231,not_harmful
troll,https://www.tiktok.com/@lm.video.ai.min.p/video/7524709731458436370,harmful
healthy,https://www.tiktok.com/@healthcareboy/video/7560764590401932562,not_harmful
science,https://www.tiktok.com/@ianxdesu/video/7479018760293190920,not_harmful
music,https://www.tiktok.com/@iamhiepmusic.02/video/7562197619825544468,not_harmful
environment,https://www.tiktok.com/@tuyetkypowerpoint/video/7346958614617230612,not_harmful
psychic,https://www.tiktok.com/@gmapublicaffairs/video/7423415108623207687,harmful
nature,https://www.tiktok.com/@stuffoftheuniverse/video/7442723220655967543,not_harmful
ancungtiktok,https://www.tiktok.com/@bepnhanhu_0509/video/7488695007663099191,not_harmful
nhaycam,https://www.tiktok.com/@blogtamsu.giaitri/video/7129421421528272129,harmful
travel,https://www.tiktok.com/@phamthaomi1901/video/7566900533366099218,not_harmful
gáixinh,https://www.tiktok.com/@m.nhn6763/video/7563836660908035348,harmful
drunk,https://www.tiktok.com/@mr.wang559/video/7559759721004109064,harmful
makeup,https://www.tiktok.com/@puong_zi/video/7529528784588901640,not_harmful
alcohol,https://www.tiktok.com/@alexxmarco/video/7554474781618310422,harmful
drunk,https://www.tiktok.com/@trailerparkboysofficial/video/6997868838163352837,harmful
gáixinh,https://www.tiktok.com/@tunlng400/video/7467823935300603158,harmful
coding,https://www.tiktok.com/@arczhiee/video/7558047668480511250,not_harmful
sachhay,https://www.tiktok.com/@binhyentusach/video/7556280772269755668,not_harmful
game,https://www.tiktok.com/@gamehumanskeleton/video/7401077653299694853,not_harmful
fortuneteller,https://www.tiktok.com/@sexyglen69420/video/7556734432904760607,harmful
chửi,https://www.tiktok.com/@cauchuyenbuonn1/video/7563995510038744328,harmful
game,https://www.tiktok.com/@motgamee/video/7516064422146657554,not_harmful
recipe,https://www.tiktok.com/@bon.tq1/video/7468628859911539969,not_harmful
bikini,https://www.tiktok.com/@art.king268/video/7567587487825038599,harmful
chửi,https://www.tiktok.com/@pv52590/video/7559535136128240904,harmful
book,https://www.tiktok.com/@zanni.iuoi/video/7500154757059857682,not_harmful
congnghe,https://www.tiktok.com/@trng.nguyn.quang40/video/7509750610279828743,not_harmful
quotes,https://www.tiktok.com/@smile_hopecore/video/7439700455816531208,not_harmful
fakenews,https://www.tiktok.com/@deejimonvlogs/video/7320702213393861894,harmful
bạo_lực,https://www.tiktok.com/@thdungne/video/7565377885758917908,harmful
drunk,https://www.tiktok.com/@phi.1210/video/7242186668827020549,harmful
gai18,https://www.tiktok.com/@nguyenthianhtuyet0/video/7550292001715932417,harmful
family,https://www.tiktok.com/@emsuaday2/video/7524145343026580754,not_harmful
đòi_nợ,https://www.tiktok.com/@giacatduan87/video/7138077381377412379,harmful
bóc_phốt,https://www.tiktok.com/@hanmin290602/video/7248099151462894853,harmful
sachhay,https://www.tiktok.com/@best_version.1/video/7294134550861597958,not_harmful
environment,https://www.tiktok.com/@giuliogroebert/video/7342211327366155552,not_harmful
flirt,https://www.tiktok.com/@en1og/video/7231103065850514689,harmful
sport,https://www.tiktok.com/@uz.gllowup/video/7492367739164560647,not_harmful
volunteer,https://www.tiktok.com/@elfblueeyes/video/7074987792933178651,not_harmful
healthy,https://www.tiktok.com/@bay10can/video/7561983779980496148,not_harmful
flirt,https://www.tiktok.com/@cyrii._01/video/7549791783333514503,harmful
lifehack,https://www.tiktok.com/@uryo1113/video/7241885017222302978,not_harmful
đánh_nhau,https://www.tiktok.com/@tiin.vn/video/7536919138661371137,harmful
drunk,https://www.tiktok.com/@drunk.drunk30/video/7562855578188467463,harmful
sport,https://www.tiktok.com/@tallwomanenergyy/video/7497529202824989960,not_harmful
weirdchallenge,https://www.tiktok.com/@bariming/video/7338016727751609607,harmful
đánh_nhau,https://www.tiktok.com/@helo12345123452/video/7563509066572549394,harmful
reviewphim,https://www.tiktok.com/@philinhreviewfilm/video/7262600553702919470,not_harmful
bóc_phốt,https://www.tiktok.com/@photmayduahamlon23/video/7544393904481684754,harmful
gai18,https://www.tiktok.com/@dienvienav2k/video/7516187065709612289,harmful
lifehack,https://www.tiktok.com/@flowerknowsbest1/video/7561832485319953686,not_harmful
gai18,https://www.tiktok.com/@girlsandbikini/video/7557262861731417362,harmful
travelvlog,https://www.tiktok.com/@sooodalinnn/video/7236016007439977735,not_harmful
giadinh,https://www.tiktok.com/@anhtuannnnn0509/video/7516208350284025106,not_harmful
giadinh,https://www.tiktok.com/@findpeace003/video/7564373857050578184,not_harmful
giadinh,https://www.tiktok.com/@traitimbietdau.10/video/7484235322822348040,not_harmful
seductive,https://www.tiktok.com/@kenh14official/video/7555066712056401170,harmful
fashion,https://www.tiktok.com/@changchangus/video/7516415093169573128,not_harmful
scam,https://www.tiktok.com/@schannelvn/video/7220782326274444570,harmful
thethao,https://www.tiktok.com/@haza278/video/7569737499426262290,not_harmful
review,https://www.tiktok.com/@rbgz.film4/video/7498626668244913426,not_harmful
study,https://www.tiktok.com/@_haeng04/video/7530259486833904912,not_harmful
lừa_đảo,https://www.tiktok.com/@thaolrocre/video/7522031637299809543,harmful
tín_dụng_đen,https://www.tiktok.com/@hong.hot.quy.nhon.bd/video/7384968539813219602,harmful
environment,https://www.tiktok.com/@brookemonk366/video/7568427620099001614,not_harmful
superstition,https://www.tiktok.com/@acatvibing/video/7161950697611726085,harmful
reviewphim,https://www.tiktok.com/@vtgshop/video/7565090093774523666,not_harmful
psychic,https://www.tiktok.com/@healingwithflo/video/7282632481398902059,harmful
education,https://www.tiktok.com/@nognog2021/video/7440909662532242696,not_harmful
lingerie,https://www.tiktok.com/@jenln_/video/7561138956331502856,harmful
sexy,https://www.tiktok.com/@girl77081/video/7563487274051095829,harmful
phóng_lợn,https://www.tiktok.com/@nguyenthanh250998/video/7569597886946675976,harmful
trippy,https://www.tiktok.com/@wechatvirals/video/7563242734434258209,harmful
quotes,https://www.tiktok.com/@moicthestoic/video/7372468377895456007,not_harmful
nature,https://www.tiktok.com/@nature20230520/video/7563368786435263758,not_harmful
fashion,https://www.tiktok.com/@chillhenh96/video/7276026336433474817,not_harmful
travel,https://www.tiktok.com/@le.lana042/video/7230612977219636485,not_harmful
18plus,https://www.tiktok.com/@_xuanxuan._.150/video/7416032977399991558,harmful
đòi_nợ,https://www.tiktok.com/@tuongmatphongthuy/video/7560262833582247188,harmful
ancungtiktok,https://www.tiktok.com/@chef_hugo_hieu/video/7325269110613478657,not_harmful
fitness,https://www.tiktok.com/@eboqodtt/video/7509484449604701482,not_harmful
scandal,https://www.tiktok.com/@alliyahh_gail/video/7469938033639296264,harmful
diy,https://www.tiktok.com/@diyhousevietnam/video/7559444435814059281,not_harmful
toxic,https://www.tiktok.com/@konon_/video/7467853069003328776,harmful
diy,https://www.tiktok.com/@jerryxamxii/video/7346964266445999402,not_harmful
lingerie,https://www.tiktok.com/@melingerie.s1/video/7567827117249924370,harmful
gáixinh,https://www.tiktok.com/@ngoan_mat_chu_a/video/7542849846592408840,harmful
thethao,https://www.tiktok.com/@dieulinh20.04/video/7151621994021162267,not_harmful
meditation,https://www.tiktok.com/@tueanh0099/video/7489429681108831494,not_harmful
fakenews,https://www.tiktok.com/@theanh28entertainment/video/7181714771031362817,harmful
giadinh,https://www.tiktok.com/@_ctn1908/video/7560173463994977543,not_harmful
gai18,https://www.tiktok.com/@alexjeremy_/video/6758486729272872198,harmful
thethao,https://www.tiktok.com/@tuha_103/video/7276396787500469506,not_harmful
car,https://www.tiktok.com/@autocar119/video/7560516477573451009,not_harmful
selfcare,https://www.tiktok.com/@congchuakhine/video/7456724791265873159,not_harmful
sport,https://www.tiktok.com/@nguyencamvan900/video/7520493678662569217,not_harmful
seductive,https://www.tiktok.com/@aibikinibabes/video/7486222204451966230,harmful
comedy,https://www.tiktok.com/@kinara_animation/video/7565806797886328076,not_harmful
sachhay,https://www.tiktok.com/@tienphongbooks_official/video/7569096148368067848,not_harmful
music,https://www.tiktok.com/@wevve0/video/7562218549025000722,not_harmful
tech,https://www.tiktok.com/@dacduyvuong1/video/7553143738365742357,not_harmful
plant,https://www.tiktok.com/@heaven.on.earth1997/video/7432129169313565960,not_harmful
fight,https://www.tiktok.com/@hotzasianaigals/video/7538137950215900434,harmful
chửi,https://www.tiktok.com/@16gnhoc/video/7503038484094012690,harmful
gáixinh,https://www.tiktok.com/@xinhthuong/video/7551424715903126791,harmful
quotes,https://www.tiktok.com/@rsnntcsn/video/7335763513836686597,not_harmful
inspiration,https://www.tiktok.com/@motivationhome.7/video/7543800872594132254,not_harmful
body,https://www.tiktok.com/@entertainment8686/video/7299007132471446791,harmful
quotes,https://www.tiktok.com/@its.me_jhayvlrde/video/7549701948446887224,not_harmful
podchill,https://www.tiktok.com/@sau.drama/video/7532707648295177490,harmful
nature,https://www.tiktok.com/@halimpeak/video/7305533735275892000,not_harmful
bay_lắc,https://www.tiktok.com/@karaoketayvin.696/video/7473697046785035538,harmful
flirt,https://www.tiktok.com/@flirt643/video/7274462477641911558,harmful
travelvlog,https://www.tiktok.com/@miamimountainretreat_/video/7569866272058526996,not_harmful
pet,https://www.tiktok.com/@nhaqueskibidi/video/7510510194762337543,not_harmful
rượu,https://www.tiktok.com/@amthuctrunghoa02/video/7204292459667442971,harmful
sachhay,https://www.tiktok.com/@vo.soul/video/7565792129973374215,not_harmful
lifehack,https://www.tiktok.com/@pro100mariia_/video/7564067504805465366,not_harmful
meditation,https://www.tiktok.com/@iris100moon/video/7465770893592038689,not_harmful
healthy,https://www.tiktok.com/@sakana80141/video/7391436570538167572,not_harmful
flirt,https://www.tiktok.com/@levion.learnvietnamese/video/7555422173112978706,harmful
food,https://www.tiktok.com/@natalieyospina/video/7514700053584284950,not_harmful
book,https://www.tiktok.com/@life.tanpopo/video/7568113931403693342,not_harmful
thuthach,https://www.tiktok.com/@0203833nhimxu/video/7569091273466907911,harmful
reactiondrama,https://www.tiktok.com/@lalali9591/video/7374247673039228202,harmful
drama,https://www.tiktok.com/@review_phimviet1/video/7486077384467238151,harmful
seductive,https://www.tiktok.com/@wrongnumber243/video/7562243410766155015,harmful
drama,https://www.tiktok.com/@angeline91/video/7540715587698167048,harmful
shockcontent,https://www.tiktok.com/@zk15191/video/7566693661405154582,harmful
tarotreading,https://www.tiktok.com/@katherine_tarot/video/7152856595125243142,harmful
selfcare,https://www.tiktok.com/@.m.egan/video/7524786423690546454,not_harmful
gai18,https://www.tiktok.com/@thaohihi2008/video/7562523902631529735,harmful
volunteer,https://www.tiktok.com/@volunteerforeducation/video/7250418022941297926,not_harmful
family,https://www.tiktok.com/@savv.walker/video/7564818132519472415,not_harmful
diy,https://www.tiktok.com/@duong.tdt/video/7361039888151563538,not_harmful
bói_bài,https://www.tiktok.com/@kyophamdo/video/7249169493677608197,harmful
education,https://www.tiktok.com/@medical_universe_3d/video/7522570374983208222,not_harmful
tarotreading,https://www.tiktok.com/@phytarot/video/7568920362713353480,harmful
tech,https://www.tiktok.com/@hao.oder/video/7565522464323718420,not_harmful
streetfight,https://www.tiktok.com/@kenron_roze/video/7532132725042498846,harmful
sachhay,https://www.tiktok.com/@sachhayexpress/video/7258491561460206853,not_harmful
lừa_đảo,https://www.tiktok.com/@hanoinews.theanh28/video/7505034641829645569,harmful
review,https://www.tiktok.com/@motreview123/video/7188498132676709658,not_harmful
music,https://www.tiktok.com/@kaenvoryn/video/7537319329486884103,not_harmful
podchill,https://www.tiktok.com/@dat_tita/video/7236731624996539653,harmful
ancungtiktok,https://www.tiktok.com/@ngocly2608/video/7257102165666254086,not_harmful
gai18,https://www.tiktok.com/@userkcsbn7o8rq/video/7167199561927118106,harmful
coding,https://www.tiktok.com/@literary.thoughtss/video/7537014582263418134,not_harmful
pet,https://www.tiktok.com/@shopthobohn/video/7346772645536386312,not_harmful
congnghe,https://www.tiktok.com/@congnghengaymai/video/7241119253401718022,not_harmful
travel,https://www.tiktok.com/@flyup_vn/video/7538746294584544519,not_harmful
congnghe,https://www.tiktok.com/@hung.rv/video/7326492658908695815,not_harmful
volunteer,https://www.tiktok.com/@volunteerforeducation/video/7233696368253078790,not_harmful
environment,https://www.tiktok.com/@zeroplasticwaste/video/7338273204961692929,not_harmful
shockcontent,https://www.tiktok.com/@zenn_pai_/video/7567587798212005128,harmful
makeup,https://www.tiktok.com/@tiktokcuaboo/video/7398870455051996424,not_harmful
xem_bói,https://www.tiktok.com/@hoiucxua2000/video/7568146251594665237,harmful
trippy,https://www.tiktok.com/@vythm_visualizer/video/7550787980621974807,harmful
lừa_đảo,https://www.tiktok.com/@thvl.nguoiduatin24h/video/7569483362956512520,harmful
car,https://www.tiktok.com/@car_world95/video/7443666243967585544,not_harmful
reactiondrama,https://www.tiktok.com/@notjirooxsacc/video/7468275606266973458,harmful
garden,https://www.tiktok.com/@meyyds001/video/7563228472571727122,not_harmful
travelvlog,https://www.tiktok.com/@_hyeok.k/video/7569233886702488839,not_harmful
reactiondrama,https://www.tiktok.com/@phuon_ie/video/7512689129084341512,harmful
scam,https://www.tiktok.com/@shopanhmonvu.com/video/7525311809717275922,harmful
body,https://www.tiktok.com/@ghientapgym1/video/7503105016194927879,harmful
fashion,https://www.tiktok.com/@luong.clothes/video/7384668336551939348,not_harmful
quotes,https://www.tiktok.com/@ivan.stfu/video/7508664773936991495,not_harmful
education,https://www.tiktok.com/@breadflix/video/7526246485143424278,not_harmful
family,https://www.tiktok.com/@t2ka28/video/7441066783299210503,not_harmful
fight,https://www.tiktok.com/@lilijilly_official/video/7508901167494155526,harmful
tech,https://www.tiktok.com/@akane.de/video/7549819048406650119,not_harmful
coding,https://www.tiktok.com/@codex_kg/video/7483299401813740807,not_harmful
rượu,https://www.tiktok.com/@ducthanh300699/video/7260126436827188481,harmful
sexy,https://www.tiktok.com/@nianna455/video/7310460757064289537,harmful
chửi,https://www.tiktok.com/@ngkhangg.008/video/7561327608957390101,harmful
plant,https://www.tiktok.com/@jane.12048/video/7402233351345573152,not_harmful
plant,https://www.tiktok.com/@domchuajack98/video/7560501774579207445,not_harmful
inspiration,https://www.tiktok.com/@ben.lionel.scott61/video/7562462164225756430,not_harmful
plant,https://www.tiktok.com/@plant9058/video/7553623675057065230,not_harmful
coding,https://www.tiktok.com/@dr.gifter306/video/7556932231663586578,not_harmful
flirt,https://www.tiktok.com/@notyourlocalhabibi/video/7117712276341148930,harmful
toxic,https://www.tiktok.com/@pvt.129/video/7513052517345807624,harmful
fakenews,https://www.tiktok.com/@rajab.family5701/video/7460117190876892434,harmful
weirdchallenge,https://www.tiktok.com/@ryrydatguy/video/6961091427153595653,harmful
superstition,https://www.tiktok.com/@tony.plays.guitar/video/7081425337065803054,harmful
pet,https://www.tiktok.com/@_liuliune/video/7446072885074021653,not_harmful
weirdchallenge,https://www.tiktok.com/@ramona_paun/video/6852951556216655109,harmful
shockcontent,https://www.tiktok.com/@sorai2.0/video/7544698731430546710,harmful
cat,https://www.tiktok.com/@meow.diaryz/video/7421486965423459601,not_harmful
pet,https://www.tiktok.com/@jfxgw/video/7567799777409256717,not_harmful
family,https://www.tiktok.com/@nanh9110/video/7565901381597515026,not_harmful
dog,https://www.tiktok.com/@fvmcompiled/video/7568110089152859409,not_harmful
education,https://www.tiktok.com/@itsmintpodcast/video/7549176540072807688,not_harmful
18plus,https://www.tiktok.com/@ulareistt/video/7549897170305027346,harmful
healthy,https://www.tiktok.com/@doctorbodyhealthtips/video/7555109654771092791,not_harmful
volunteer,https://www.tiktok.com/@khuyen.iunuoc/video/7468739440555478290,not_harmful
nauan,https://www.tiktok.com/@xomvaobep/video/7561070312087899399,not_harmful
xem_bói,https://www.tiktok.com/@jangami141291/video/7369983474758962452,harmful
kiss,https://www.tiktok.com/@_zr0ms/video/7540234485514636562,harmful
ancungtiktok,https://www.tiktok.com/@longlongneee/video/7261574548716342529,not_harmful
music,https://www.tiktok.com/@tunesspace/video/7407444475494124808,not_harmful
sport,https://www.tiktok.com/@bwrkiayge8/video/7567683533687360798,not_harmful
hầu_đồng,https://www.tiktok.com/@t.phc.bo/video/7455509990036622609,harmful
motivation,https://www.tiktok.com/@cali_aesthetix/video/7458258417363340566,not_harmful
bay_lắc,https://www.tiktok.com/@baybumbaydiu/video/7554954519428369671,harmful
congnghe,https://www.tiktok.com/@codinglife.vn/video/7568071992310533396,not_harmful
travel,https://www.tiktok.com/@loannnneee/video/7490385384929578295,not_harmful
drama,https://www.tiktok.com/@fyn_shyt3/video/7553998211795471637,harmful
diy,https://www.tiktok.com/@diy.projectd/video/7400150998183988513,not_harmful
car,https://www.tiktok.com/@light.edits1510/video/7500830225702472978,not_harmful
chửi_thề,https://www.tiktok.com/@fb.duclaitruong/video/7176601374979820827,harmful
thethao,https://www.tiktok.com/@th102382/video/7566911994486476052,not_harmful
nhaycam,https://www.tiktok.com/@girlxinhtq224/video/7437827768882040072,harmful
sachhay,https://www.tiktok.com/@dquynh200/video/7420392428613471495,not_harmful
18plus,https://www.tiktok.com/@sesizcocuk33/video/7069048350322003201,harmful
science,https://www.tiktok.com/@sigma_skibidi665/video/7551790935860972801,not_harmful
car,https://www.tiktok.com/@ttt.cars/video/7523975632296922375,not_harmful
đòi_nợ,https://www.tiktok.com/@thuyrubispafamily/video/7377972712787954945,harmful
environment,https://www.tiktok.com/@tripm99/video/7569235274983755015,not_harmful
volunteer,https://www.tiktok.com/@winhuon/video/7501370090525379858,not_harmful
art,https://www.tiktok.com/@.toriyah_no1/video/7498739955796020488,not_harmful
prankgonewrong,https://www.tiktok.com/@funnypets6674/video/7569633145323064631,harmful
fakenews,https://www.tiktok.com/@voh.radio/video/7217672043892968705,harmful
xem_bói,https://www.tiktok.com/@onghoanvlog5/video/7351974730435546385,harmful
learning,https://www.tiktok.com/@minh_minh_minh/video/7169536000115494171,not_harmful
đòi_nợ,https://www.tiktok.com/@doinonguyengia/video/7243669199170587909,harmful
toxic,https://www.tiktok.com/@walter.khang/video/7556980980582452487,harmful
nhaycam,https://www.tiktok.com/@beatvn_official/video/7491541425880861959,harmful
reactiondrama,https://www.tiktok.com/@thichgidangdo07/video/7568146747768196372,harmful
motivation,https://www.tiktok.com/@longkhanh.gym1/video/7527947542009613576,not_harmful
art,https://www.tiktok.com/@aksgsa/video/7219502689611304218,not_harmful
weirdchallenge,https://www.tiktok.com/@tom/video/7182131771461455105,harmful
phóng_lợn,https://www.tiktok.com/@dhkimnguyet/video/7569402604271291656,harmful
xem_bói,https://www.tiktok.com/@virral2025/video/7566856466389421333,harmful
trippy,https://www.tiktok.com/@chaospersona/video/6661775831246834950,harmful
gáixinh,https://www.tiktok.com/@hotgirlsvn03/video/7265545300335496450,harmful
18plus,https://www.tiktok.com/@vpicturesvn/video/7338749354624191745,harmful
bạo_lực,https://www.tiktok.com/@tuancanh.111/video/7566154736332852510,harmful
thethao,https://www.tiktok.com/@24h.sports/video/7509430042296896786,not_harmful
tech,https://www.tiktok.com/@yuroosetup/video/7559590249895103764,not_harmful
dog,https://www.tiktok.com/@turkish.kangal/video/7418234589904129287,not_harmful
smoking,https://www.tiktok.com/@dawn_of_erwinae/video/7250579496754023706,harmful
darkhumor,https://www.tiktok.com/@digital.produk.ma/video/7541725115453590790,harmful
inspiration,https://www.tiktok.com/@martinez_motivation/video/7334178248877722922,not_harmful
sport,https://www.tiktok.com/@chungpa92/video/7505671135900536072,not_harmful
quotes,https://www.tiktok.com/@winrox6335/video/7385229937617161477,not_harmful
trippy,https://www.tiktok.com/@muzikvinahouse/video/7557737487494499592,harmful
fitness,https://www.tiktok.com/@eboqodtt/video/7566252560361868557,not_harmful
review,https://www.tiktok.com/@dau_dau480/video/7568131092474072340,not_harmful
psychic,https://www.tiktok.com/@reniaofkhemia/video/7417160888781835566,harmful
gáixinh,https://www.tiktok.com/@_thahtugz_/video/7540283787805019399,harmful
gáixinh,https://www.tiktok.com/@xiaomi4857/video/7558080017465445640,harmful
thethao,https://www.tiktok.com/@thethao358/video/7477476917600472327,not_harmful
food,https://www.tiktok.com/@trattoriapergola/video/7512485152010865942,not_harmful
bói_bài,https://www.tiktok.com/@dungtamtinh/video/7528708013851561233,harmful
sport,https://www.tiktok.com/@sport/video/7566026383785315615,not_harmful
kiss,https://www.tiktok.com/@foreverhissgirl/video/7502834252371725573,harmful
nature,https://www.tiktok.com/@swiss_beautiful/video/7566280544170888470,not_harmful
gianghomang,https://www.tiktok.com/@keduatin1102/video/7568358755365031186,harmful
recipe,https://www.tiktok.com/@yourfoodfellow/video/7410396050940316960,not_harmful
đánh_nhau,https://www.tiktok.com/@k.s.v.m8/video/7561103400285359378,harmful
plant,https://www.tiktok.com/@planto.lb/video/7558537446305107207,not_harmful
toxic,https://www.tiktok.com/@k.toxic67/video/7563072592697888018,harmful
drama,https://www.tiktok.com/@chinchit_audio/video/7559570544308342037,harmful
garden,https://www.tiktok.com/@pph_p0/video/7558058535196609793,not_harmful
phóng_lợn,https://www.tiktok.com/@quocthai498/video/7452372962965081351,harmful
science,https://www.tiktok.com/@hashem.alghaili/video/7252287478579629338,not_harmful
learning,https://www.tiktok.com/@bigmaeenergy/video/7551587322609945869,not_harmful
coding,https://www.tiktok.com/@shigcodes/video/7485360279887334674,not_harmful
scandal,https://www.tiktok.com/@atoz_074/video/7218931313078816001,harmful
trippy,https://www.tiktok.com/@thepsychedelicdeity/video/7196076398946061573,harmful
gáixinh,https://www.tiktok.com/@casosad2405/video/7498224362768682247,harmful
makeup,https://www.tiktok.com/@aguyyura/video/7563529932660378898,not_harmful
ghosthunting,https://www.tiktok.com/@bossyoko13/video/7334032243976883461,harmful
troll,https://www.tiktok.com/@anthi_daynek/video/7450898187801382160,harmful
bikini,https://www.tiktok.com/@prime.excellence/video/7327763007822433567,harmful
book,https://www.tiktok.com/@booksdalaryy/video/7564457128367361298,not_harmful
sport,https://www.tiktok.com/@congphibongchuyen/video/7554932687895596306,not_harmful
thucung,https://www.tiktok.com/@thitam_2022_meow/video/7510509692372765959,not_harmful
book,https://www.tiktok.com/@book4542/video/7537165632316476679,not_harmful
pet,https://www.tiktok.com/@jfxgw/video/7558167919784463671,not_harmful
thuthach,https://www.tiktok.com/@thu134jxhdy/video/7557371493114498322,harmful
travelvlog,https://www.tiktok.com/@capcut_huutuyen77/video/7433820445503163655,not_harmful
travelvlog,https://www.tiktok.com/@maliktariq3935/video/7544249434893307143,not_harmful
mê_tín_dị_đoan,https://www.tiktok.com/@vtv24news/video/7201110884343614721,harmful
rượu,https://www.tiktok.com/@ttg.2102/video/7263517071072316690,harmful
scam,https://www.tiktok.com/@callmejackie9/video/7514557042888117524,harmful
recipe,https://www.tiktok.com/@gymerthichvaobep/video/7497865732294823186,not_harmful
chửi_thề,https://www.tiktok.com/@nhunguyet_k5/video/7436557859099364626,harmful
family,https://www.tiktok.com/@user7800746678013/video/7433285163741760774,not_harmful
psychic,https://www.tiktok.com/@psychicchristinaca00/video/7522607444715965751,harmful
diy,https://www.tiktok.com/@tuntunstationery/video/7557924390860623122,not_harmful
book,https://www.tiktok.com/@hh.beauty92/video/7548392481012845842,not_harmful
tarotreading,https://www.tiktok.com/@selenophile.tarot_/video/7483937923570666770,harmful
food,https://www.tiktok.com/@yasemincem/video/7495191518068722962,not_harmful
environment,https://www.tiktok.com/@emanchie16/video/7562941644304026887,not_harmful
thucung,https://www.tiktok.com/@lovepetstation/video/7150328637542124843,not_harmful
garden,https://www.tiktok.com/@nguyennguyen_editor/video/7568723313330097416,not_harmful
inspiration,https://www.tiktok.com/@wandernest3/video/7228890078360259846,not_harmful
recipe,https://www.tiktok.com/@lydia.hollis/video/7491828384075369758,not_harmful
nature,https://www.tiktok.com/@justdoit1410/video/7550319637322419464,not_harmful
18plus,https://www.tiktok.com/@user59917054807375/video/7300135816494402822,harmful
thucung,https://www.tiktok.com/@cuccungconer/video/7567240304034696469,not_harmful
alcohol,https://www.tiktok.com/@theyfw._oscar/video/7539159719731006733,harmful
drama,https://www.tiktok.com/@511pm2/video/7479413418294791432,harmful
nauan,https://www.tiktok.com/@lu.5.tng/video/7559823831628664071,not_harmful
trippy,https://www.tiktok.com/@versa.tale/video/7295875039340317998,harmful
podchill,https://www.tiktok.com/@ptn0212/video/6988512309765213467,harmful
bullying,https://www.tiktok.com/@bullyhadong1/video/7312753729218923777,harmful
rượu,https://www.tiktok.com/@rockmaster095/video/7465873893367106824,harmful
fashion,https://www.tiktok.com/@fashion.fashion22/video/7566249141467122964,not_harmful
pet,https://www.tiktok.com/@cutepetsna/video/7425460063772495112,not_harmful
ancungtiktok,https://www.tiktok.com/@taybac.tv.official/video/7255529007725284613,not_harmful
bay_lắc,https://www.tiktok.com/@karaoketayvin.696/video/7561878225308126471,harmful
cat,https://www.tiktok.com/@cutecatvi/video/7404463410076831006,not_harmful
car,https://www.tiktok.com/@thalx_edits/video/7451662898193091845,not_harmful
psychic,https://www.tiktok.com/@_.askthepsychiic/video/7560743409938435359,harmful
study,https://www.tiktok.com/@dh.mkem_/video/7522360949794163986,not_harmful
bóc_phốt,https://www.tiktok.com/@photginashopbanhanhfake/video/7554193897895906578,harmful
science,https://www.tiktok.com/@bienacc/video/7475312725917437191,not_harmful
thethao,https://www.tiktok.com/@24h.sports/video/7539851719761480978,not_harmful
troll,https://www.tiktok.com/@petcung_7/video/7454084343263153416,harmful
reactiondrama,https://www.tiktok.com/@yingmmy/video/7487822006700821778,harmful
book,https://www.tiktok.com/@user120946471312/video/7328225613720915242,not_harmful
travel,https://www.tiktok.com/@chutnangmua01/video/7474060590181338369,not_harmful
reviewphim,https://www.tiktok.com/@nnt_movies/video/7567965478388337934,not_harmful
dog,https://www.tiktok.com/@tv.cutedogs/video/7228070805572259118,not_harmful
study,https://www.tiktok.com/@vzy0501/video/7535786487166602516,not_harmful
gáixinh,https://www.tiktok.com/@b8.chuyencamke/video/7567668742579031297,harmful
tarotreading,https://www.tiktok.com/@trucleetarot/video/7560244459502374161,harmful
shockcontent,https://www.tiktok.com/@paddyanna/video/7461284399586266398,harmful
chửi,https://www.tiktok.com/@nguyendung_0704/video/7569250894609501458,harmful
đòi_nợ,https://www.tiktok.com/@phuongmychiofficial/video/6910924741985520898,harmful
review,https://www.tiktok.com/@veekreview/video/7565466830555401480,not_harmful
makeup,https://www.tiktok.com/@tytydouyin5/video/7484047287396633864,not_harmful
xem_bói,https://www.tiktok.com/@hdtamlinh/video/7544242418829233429,harmful
pet,https://www.tiktok.com/@ai_tapes/video/7552845391851523346,not_harmful
xem_bói,https://www.tiktok.com/@phongthuyanvuongphat/video/7395145950903274760,harmful
flirt,https://www.tiktok.com/@aeint_hana16/video/7429009248400477456,harmful
game,https://www.tiktok.com/@eang1688/video/7466105792173739284,not_harmful
ghosthunting,https://www.tiktok.com/@animeost007/video/7563283058414144776,harmful
darkhumor,https://www.tiktok.com/@1khovenucuoi_/video/7429937386093612304,harmful
streetfight,https://www.tiktok.com/@rvc.vn/video/7511653483351739655,harmful
kiss,https://www.tiktok.com/@miaxfilo/video/7544089418454306070,harmful
bikini,https://www.tiktok.com/@bikini_trending/video/7569260998163533076,harmful
drama,https://www.tiktok.com/@rafournine/video/7491606076522106118,harmful
drunk,https://www.tiktok.com/@ppandhercrews/video/7529512888105602311,harmful
tín_dụng_đen,https://www.tiktok.com/@tie.08/video/7179176784636726555,harmful
art,https://www.tiktok.com/@nhuwquyn.d._2309/video/7549164401664838932,not_harmful
toxic,https://www.tiktok.com/@dphongg_04/video/7561073392623914261,harmful
music,https://www.tiktok.com/@mgmusick6/video/7515469556048039186,not_harmful
scandal,https://www.tiktok.com/@olitzapologist/video/7208599532123311366,harmful
podchill,https://www.tiktok.com/@chuyenkenam2020/video/7261539831631580417,harmful
nature,https://www.tiktok.com/@nature20230520/video/7556521089149504798,not_harmful
smoking,https://www.tiktok.com/@almani.636/video/7216597181745220870,harmful
gai18,https://www.tiktok.com/@carotkute6/video/7566489385743437063,harmful
family,https://www.tiktok.com/@maubinhyen/video/7475560454975130888,not_harmful
nhaycam,https://www.tiktok.com/@tt.xinh1/video/7472573836337171730,harmful
art,https://www.tiktok.com/@glalesme.gb/video/7353260122820381959,not_harmful
nhaycam,https://www.tiktok.com/@chuyendoday95/video/7568711107469135111,harmful
tarotreading,https://www.tiktok.com/@tarot.airline6/video/7495543342512491794,harmful
tín_dụng_đen,https://www.tiktok.com/@vay_homecredit/video/7562700426810838328,harmful
tech,https://www.tiktok.com/@its_delvis/video/7536197783582231822,not_harmful
sport,https://www.tiktok.com/@glamour_zone_g/video/7548874192356183317,not_harmful
nhaycam,https://www.tiktok.com/@vthcam_/video/7569468861825748244,harmful
sport,https://www.tiktok.com/@phucc_tei/video/7510991007937350920,not_harmful
cat,https://www.tiktok.com/@woisinthyssen/video/7531271758687505695,not_harmful
bay_lắc,https://www.tiktok.com/@_66ttql/video/7539737252323233044,harmful
tarotreading,https://www.tiktok.com/@katherine_tarot/video/7150091310316244230,harmful
education,https://www.tiktok.com/@civilrightsorg/video/7525135240050871566,not_harmful
vape,https://www.tiktok.com/@baduarrr/video/7185122802515610906,harmful
drama,https://www.tiktok.com/@moo.eay/video/7451628384930630919,harmful
volunteer,https://www.tiktok.com/@saigon_xanh/video/7458142187667131655,not_harmful
tech,https://www.tiktok.com/@ai.khanh171/video/7530868369625566478,not_harmful
bay_lắc,https://www.tiktok.com/@namlun2808080/video/7384456928749030674,harmful
education,https://www.tiktok.com/@hsa.education/video/7560618713771166996,not_harmful
meditation,https://www.tiktok.com/@soul_mind_body/video/6964433291302718725,not_harmful
superstition,https://www.tiktok.com/@sinisterstoriess/video/7222680837265968389,harmful
trippy,https://www.tiktok.com/@qwiingel/video/7498690781226552606,harmful
comedy,https://www.tiktok.com/@peasantcomedy/video/7564631432937737486,not_harmful
scandal,https://www.tiktok.com/@fitzapologist/video/7254236504820567338,harmful
learning,https://www.tiktok.com/@nguyencamvan900/video/7458209435840711954,not_harmful
phóng_lợn,https://www.tiktok.com/@nhinhcaidaubamaycac/video/7545080881329818901,harmful
toxic,https://www.tiktok.com/@kpopvibes_only/video/7466859103462231318,harmful
body,https://www.tiktok.com/@bnttuyen.__/video/7567608892717321493,harmful
travel,https://www.tiktok.com/@capcut_huutuyen77/video/7487884963921022263,not_harmful
healthy,https://www.tiktok.com/@qnsb1996/video/7554622476169350416,not_harmful
18plus,https://www.tiktok.com/@csaba730213/video/7552093590244297986,harmful
volunteer,https://www.tiktok.com/@fatmahjourneys/video/7549897333882752261,not_harmful
food,https://www.tiktok.com/@afrowalx/video/7563714287726824726,not_harmful
food,https://www.tiktok.com/@seabinoo7/video/7567336941155274004,not_harmful
comedy,https://www.tiktok.com/@mrdavidfunny/video/7561068044638883103,not_harmful
fitness,https://www.tiktok.com/@sonyaegon/video/7455435779788246295,not_harmful
education,https://www.tiktok.com/@ksoo_james/video/7259955279498923282,not_harmful
podchill,https://www.tiktok.com/@theanh28gaming/video/7247430598392827137,harmful
bikini,https://www.tiktok.com/@beautifulgirlsdouyin/video/7509893225784544519,harmful
sachhay,https://www.tiktok.com/@sachhay.vi/video/7561661547517381895,not_harmful
meditation,https://www.tiktok.com/@mocannhientherapy/video/7523775623681084693,not_harmful
garden,https://www.tiktok.com/@khchichuche/video/7564797040467676434,not_harmful
learning,https://www.tiktok.com/@binochemtienganh/video/7250476706505428229,not_harmful
bạo_lực,https://www.tiktok.com/@vnnews82/video/7569399199482055954,harmful
recipe,https://www.tiktok.com/@melmelbourne_/video/7316786878194191624,not_harmful
quotes,https://www.tiktok.com/@thanh.hai.24/video/7222443362643610907,not_harmful
funny,https://www.tiktok.com/@funnycute396/video/7444171699269963051,not_harmful
diy,https://www.tiktok.com/@chusforyou/video/7420756868370369800,not_harmful
fitness,https://www.tiktok.com/@jennyfitness2114/video/7238938841225219333,not_harmful
reactiondrama,https://www.tiktok.com/@film.factoryyy/video/7563968072944602375,harmful
thuthach,https://www.tiktok.com/@nkhayho/video/7543950778583518485,harmful
environment,https://www.tiktok.com/@mdabulbashar7512/video/7499046082794507528,not_harmful
volunteer,https://www.tiktok.com/@h.hchiz/video/7463405414454005010,not_harmful
science,https://www.tiktok.com/@xorx17/video/7546072699622264120,not_harmful
scam,https://www.tiktok.com/@mmotuuuan/video/7471670868670778631,harmful
tarotreading,https://www.tiktok.com/@tarotbymei_/video/7569088217031413000,harmful
drunk,https://www.tiktok.com/@trevorwallace/video/7322775733925874987,harmful
alcohol,https://www.tiktok.com/@riwhey_orthehighway/video/7566723655988792606,harmful
music,https://www.tiktok.com/@mgmusick6/video/7466423608370400520,not_harmful
drama,https://www.tiktok.com/@drama_iv/video/7023288766252993794,harmful
ghosthunting,https://www.tiktok.com/@the.gameplayer/video/7337657310526983456,harmful
body,https://www.tiktok.com/@ravenlepardo_/video/7540279040662359303,harmful
superstition,https://www.tiktok.com/@centraltexasromanichal/video/7127667883294903594,harmful
recipe,https://www.tiktok.com/@thepancake_eden/video/7531427343546502422,not_harmful
bóc_phốt,https://www.tiktok.com/@tuanmolo123/video/7480023600821456135,harmful
drunk,https://www.tiktok.com/@mark.timbancaya/video/7494157165494799623,harmful
alcohol,https://www.tiktok.com/@therealsabidoctor/video/7120301965883526406,harmful
rượu,https://www.tiktok.com/@giang_tuu/video/7389110240546950421,harmful
dog,https://www.tiktok.com/@duchieudang1234/video/7569278850958380310,not_harmful
healthy,https://www.tiktok.com/@notbyami/video/7486762602077474070,not_harmful
gáixinh,https://www.tiktok.com/@m.nhn6763/video/7561318920821493012,harmful
cat,https://www.tiktok.com/@jfxgw/video/7567523513381162254,not_harmful
food,https://www.tiktok.com/@jiniphee/video/7288888424189218091,not_harmful
sport,https://www.tiktok.com/@mongtuyen_running/video/7530878337091194119,not_harmful
motivation,https://www.tiktok.com/@visionluxury8/video/7496945851625950472,not_harmful
book,https://www.tiktok.com/@long.thch.chp/video/7490068529241263366,not_harmful
book,https://www.tiktok.com/@ngaydepvoisach/video/7274787733128744194,not_harmful
fakenews,https://www.tiktok.com/@coginewsasia/video/7273437753147182354,harmful
thucung,https://www.tiktok.com/@funfunlook/video/7569100278482554133,not_harmful
funny,https://www.tiktok.com/@trummemes86/video/7487920639739776286,not_harmful
inspiration,https://www.tiktok.com/@inspiration99746/video/7466220768834129174,not_harmful
thethao,https://www.tiktok.com/@ptfootball/video/7567715162522799368,not_harmful
seductive,https://www.tiktok.com/@kyroxx_.q/video/7563379122689330454,harmful
drunk,https://www.tiktok.com/@movie_scenes501/video/7275109892032154912,harmful
weirdchallenge,https://www.tiktok.com/@theacronymcollector/video/7568144270671007006,harmful
sachhay,https://www.tiktok.com/@ebooks.everyday/video/7557134534282611975,not_harmful
art,https://www.tiktok.com/@cabel_77/video/7542084341455785234,not_harmful
nature,https://www.tiktok.com/@fallingslowli/video/7556151937373179144,not_harmful
streetfight,https://www.tiktok.com/@channelnewsasia/video/7511309432341646610,harmful
18plus,https://www.tiktok.com/@phuc.gia.1901/video/7523581924573596946,harmful
gáixinh,https://www.tiktok.com/@hayonline.1/video/7422332702071753991,harmful
tarotreading,https://www.tiktok.com/@noraapollo/video/7496139994164153616,harmful
pet,https://www.tiktok.com/@funnypet.vne/video/7210929487167360299,not_harmful
study,https://www.tiktok.com/@nqh881203/video/7411502453310409991,not_harmful
darkhumor,https://www.tiktok.com/@sc666official/video/7239901833148370181,harmful
troll,https://www.tiktok.com/@mavaphu9x/video/6999971853833948442,harmful
podchill,https://www.tiktok.com/@urluvqnhi/video/7212277559457893658,harmful
prankgonewrong,https://www.tiktok.com/@bayridgebatman/video/7565387525791976735,harmful
review,https://www.tiktok.com/@cogaidantocvungcao/video/7092252448105958683,not_harmful
music,https://www.tiktok.com/@kennedys_08/video/7509802639278886151,not_harmful
hầu_đồng,https://www.tiktok.com/@buiminhxuyen2/video/7482275379193842952,harmful
đánh_nhau,https://www.tiktok.com/@aiadskieuu/video/7465238525374467346,harmful
quotes,https://www.tiktok.com/@ken.billie/video/7398354745729142024,not_harmful
sexy,https://www.tiktok.com/@h.nhi8264/video/7447506148351118599,harmful
scandal,https://www.tiktok.com/@rcdnarratives_/video/7051196136542981402,harmful
nauan,https://www.tiktok.com/@vinhchanchat/video/7523562542220758280,not_harmful
game,https://www.tiktok.com/@vudaden789/video/7488213762902674693,not_harmful
congnghe,https://www.tiktok.com/@homesgiadinh/video/7449777178738265351,not_harmful
coding,https://www.tiktok.com/@coding0707/video/7563020015356644630,not_harmful
selfcare,https://www.tiktok.com/@seobake/video/7566269125010492680,not_harmful
healthy,https://www.tiktok.com/@unheatedhonig/video/7561256727761440014,not_harmful
chửi,https://www.tiktok.com/@thu_ho03/video/7470467045004528913,harmful
xem_bói,https://www.tiktok.com/@xuandiendao/video/7475211342207536391,harmful
lừa_đảo,https://www.tiktok.com/@_t.yewzn828_/video/7514230631774113042,harmful
nauan,https://www.tiktok.com/@betrangg24/video/7303515054274661640,not_harmful
toxic,https://www.tiktok.com/@huynhduykhuongofficial/video/6939880352596987138,harmful
bói_toán,https://www.tiktok.com/@truyenaudiofullna/video/7532028077434572039,harmful
scandal,https://www.tiktok.com/@barakokitchen/video/7376406248708672773,harmful
hầu_đồng,https://www.tiktok.com/@laxanhhh993/video/7538642534042438919,harmful
meditation,https://www.tiktok.com/@dyto_vf/video/7218996177755180294,not_harmful
nature,https://www.tiktok.com/@uespiiiii.1115/video/7395256496524676360,not_harmful
fashion,https://www.tiktok.com/@fashion.fashion22/video/7569081241081810196,not_harmful
thethao,https://www.tiktok.com/@worldfoot.ball29/video/7569212203887430920,not_harmful
gáixinh,https://www.tiktok.com/@gai2025/video/7459259633715154184,harmful
đánh_nhau,https://www.tiktok.com/@ling.emm/video/7203688726915026202,harmful
xem_bói,https://www.tiktok.com/@nganlinhhoat/video/7361075522194902290,harmful
bóc_phốt,https://www.tiktok.com/@khonglammadoicoan03/video/7561765517904629000,harmful
tarotreading,https://www.tiktok.com/@tarot.wchan/video/7473453786615303442,harmful
game,https://www.tiktok.com/@kesangameh/video/7529263799979789576,not_harmful
ancungtiktok,https://www.tiktok.com/@ansapsaigon/video/7566907124526173447,not_harmful
cat,https://www.tiktok.com/@lovelyhcats/video/7435661507049950485,not_harmful
seductive,https://www.tiktok.com/@lovesdeal54/video/7561818147582381343,harmful
bikini,https://www.tiktok.com/@bellezasradiantes/video/7303945407107779846,harmful
sport,https://www.tiktok.com/@thethaoxinh/video/7506088168781827345,not_harmful
fitness,https://www.tiktok.com/@lucia.mikusova/video/7446476377949228310,not_harmful
giadinh,https://www.tiktok.com/@thkong04/video/7568875124426919186,not_harmful
cat,https://www.tiktok.com/@girlwithedogs/video/7567810396778679570,not_harmful
vape,https://www.tiktok.com/@lostvape_pl/video/7182700717508005126,harmful
reviewphim,https://www.tiktok.com/@react_phimhay1992/video/7565177000449576212,not_harmful
volunteer,https://www.tiktok.com/@pedulysurabaya/video/7293002649140497669,not_harmful
tarotreading,https://www.tiktok.com/@duong.tarot/video/7569265589340916999,harmful
thethao,https://www.tiktok.com/@m.nhc.m.lin/video/7567636814652050695,not_harmful
tarotreading,https://www.tiktok.com/@nhatthien141207/video/7468997251814149393,harmful
streetfight,https://www.tiktok.com/@valentyn.trostianchuk/video/7385960652931599621,harmful
rượu,https://www.tiktok.com/@miprieungon/video/7494811670485732625,harmful
environment,https://www.tiktok.com/@nazgul.kham/video/7548127272486571286,not_harmful
streetfight,https://www.tiktok.com/@markmugen23/video/7298704476288912645,harmful
đòi_nợ,https://www.tiktok.com/@khuabantom/video/7450357964239654151,harmful
coding,https://www.tiktok.com/@coding0707/video/7561925926460624150,not_harmful
bay_lắc,https://www.tiktok.com/@xinhtoanquoc/video/7116833502485810478,harmful
podchill,https://www.tiktok.com/@podchill/video/7564425733112614151,harmful
coding,https://www.tiktok.com/@thanhdatara/video/7532102658807663880,not_harmful
lifehack,https://www.tiktok.com/@greattricks1/video/7565166101932281118,not_harmful
fortuneteller,https://www.tiktok.com/@mrs_mandyann/video/7565688796130381068,harmful
scandal,https://www.tiktok.com/@leomenedez17/video/7181350327046720794,harmful
tech,https://www.tiktok.com/@bacomtech/video/7543827318091844882,not_harmful
science,https://www.tiktok.com/@strawberryswirlyswirls/video/7540925695795645714,not_harmful
tín_dụng_đen,https://www.tiktok.com/@haidangbank8386/video/7526168558703856904,harmful
selfcare,https://www.tiktok.com/@elina_karimovaa/video/7167646432986451202,not_harmful
scam,https://www.tiktok.com/@trummemeroblox/video/7535246562323123474,harmful
book,https://www.tiktok.com/@trontrongmo/video/7539037509930650888,not_harmful
bullying,https://www.tiktok.com/@v4mp_861/video/7548449639570083080,harmful
fashion,https://www.tiktok.com/@ai_costume/video/7548687394610924805,not_harmful
fakenews,https://www.tiktok.com/@theanh28entertainment/video/7569771645439675669,harmful
makeup,https://www.tiktok.com/@makeup4u6/video/7566257554439867655,not_harmful
đòi_nợ,https://www.tiktok.com/@hothuongofficial/video/7317437379118124334,harmful
gọi_hồn,https://www.tiktok.com/@okwinthegioikidieu/video/7563283090538269970,harmful
trippy,https://www.tiktok.com/@thepsychedelicdeity/video/7146691981329140998,harmful
study,https://www.tiktok.com/@iamphlonggg/video/7567004779445292306,not_harmful
chửi_thề,https://www.tiktok.com/@nhunqhuynh0910/video/7284950785354484994,harmful
gọi_hồn,https://www.tiktok.com/@minhphu3878/video/7562039595412622612,harmful
flirt,https://www.tiktok.com/@ho.un.video.per.te/video/7556981169280027926,harmful
bay_lắc,https://www.tiktok.com/@beo1442022/video/7561232886192508180,harmful
pet,https://www.tiktok.com/@your_cutepet/video/7245486735013039361,not_harmful
chửi,https://www.tiktok.com/@myhien.1206/video/7556096151439576338,harmful
giadinh,https://www.tiktok.com/@giadinhnhatho86/video/7371796132520922385,not_harmful
diy,https://www.tiktok.com/@chiiu_stu/video/7529140174601751815,not_harmful
sport,https://www.tiktok.com/@sporttvportugal/video/7569646824718404886,not_harmful
fashion,https://www.tiktok.com/@vifw.official/video/7567331426400505095,not_harmful
hầu_đồng,https://www.tiktok.com/@tuphuvanlinhhn/video/7568848154838437127,harmful
streetfight,https://www.tiktok.com/@asfsprydiii/video/7434982903659908369,harmful
family,https://www.tiktok.com/@cuisines22/video/7495020590940589334,not_harmful
makeup,https://www.tiktok.com/@imcravingsushi/video/7350688061442805013,not_harmful
đánh_nhau,https://www.tiktok.com/@nhuyphamtran2/video/7534286267828292871,harmful
art,https://www.tiktok.com/@ichika1_/video/7545344404312100103,not_harmful
funny,https://www.tiktok.com/@king.memes68/video/7456762759506693418,not_harmful
scam,https://www.tiktok.com/@mrchevl/video/7557637178113707282,harmful
bay_lắc,https://www.tiktok.com/@tdc.thedoncrew/video/7564243155353160978,harmful
smoking,https://www.tiktok.com/@gata2reis/video/7017870937232018693,harmful
bóc_phốt,https://www.tiktok.com/@ghetmayconrandoc_nc/video/7515614396870053127,harmful
scandal,https://www.tiktok.com/@vidiooriginals/video/7186977520523234587,harmful
congnghe,https://www.tiktok.com/@reviewcotam69/video/7373658347993697553,not_harmful
thethao,https://www.tiktok.com/@hauwday/video/7558313551371275527,not_harmful
recipe,https://www.tiktok.com/@amsr.tv0/video/7568600314966838550,not_harmful
kiss,https://www.tiktok.com/@shaunadewit/video/6863906998036024581,harmful
lingerie,https://www.tiktok.com/@melingerie.s1/video/7566269014763228424,harmful
volunteer,https://www.tiktok.com/@boreshamaishaprojects/video/7535425961366539538,not_harmful
18plus,https://www.tiktok.com/@n0810108/video/7281903281780067590,harmful
seductive,https://www.tiktok.com/@dextermonetiza/video/7525600476025457942,harmful
book,https://www.tiktok.com/@blairlikesbooks/video/7550312661162953997,not_harmful
scam,https://www.tiktok.com/@callmejackie9/video/7536930651707051284,harmful
lừa_đảo,https://www.tiktok.com/@2sao.vn/video/7534924558919322900,harmful
healthy,https://www.tiktok.com/@seedhealthy.food/video/7569509839345356040,not_harmful
gáixinh,https://www.tiktok.com/@lamanh1.mp/video/7555085427078647048,harmful
bóc_phốt,https://www.tiktok.com/@100ngayhoclamai/video/7540293348762914066,harmful
thethao,https://www.tiktok.com/@24h.sports/video/7569421395705285909,not_harmful
đòi_nợ,https://www.tiktok.com/@hongchung98/video/7505281712985820423,harmful
reviewphim,https://www.tiktok.com/@duyenreview.tiktok/video/7567992478666853634,not_harmful
vape,https://www.tiktok.com/@detikcom/video/7317931131200900358,harmful
family,https://www.tiktok.com/@bao_nqocc1909/video/7564799429094444295,not_harmful
toxic,https://www.tiktok.com/@walter.khang/video/7566658103400402194,harmful
fakenews,https://www.tiktok.com/@naiskobughaw051122/video/7134705656522755354,harmful
recipe,https://www.tiktok.com/@noorbakesss/video/7542214685156838678,not_harmful
plant,https://www.tiktok.com/@ekrishigyan/video/7538257074946411783,not_harmful
volunteer,https://www.tiktok.com/@itsandrewday/video/7254411095757131013,not_harmful
thuthach,https://www.tiktok.com/@khanhkhongkhoc2015/video/7550230941646572807,harmful
family,https://www.tiktok.com/@aduembonnemay/video/7551302712676125970,not_harmful
motivation,https://www.tiktok.com/@athletesoul/video/7564618232326360342,not_harmful
toxic,https://www.tiktok.com/@befansie/video/7064473406393158939,harmful
fight,https://www.tiktok.com/@8wonn.etsn/video/7275689599714741505,harmful
fight,https://www.tiktok.com/@benz_sippakorn/video/7377024886771944705,harmful
environment,https://www.tiktok.com/@msthuy/video/6858795219173805313,not_harmful
car,https://www.tiktok.com/@sieuxe.360/video/7498645153582714120,not_harmful
food,https://www.tiktok.com/@_tidofood/video/7504612950762589441,not_harmful
coding,https://www.tiktok.com/@0x7e1.tensor/video/7565540145701702933,not_harmful
gai18,https://www.tiktok.com/@bikiniandgirls3/video/7539744889551064328,harmful
psychic,https://www.tiktok.com/@psychicspells333/video/7515903150725877022,harmful
giadinh,https://www.tiktok.com/@banoichatchoi79/video/7247907751505022214,not_harmful
education,https://www.tiktok.com/@medmotion1/video/7542262583122742550,not_harmful
game,https://www.tiktok.com/@hotpocket505/video/7563697877097237790,not_harmful
ghosthunting,https://www.tiktok.com/@gamecungthai/video/7455546447371472146,harmful
reactiondrama,https://www.tiktok.com/@llucydiaries/video/7449686172655471918,harmful
ghosthunting,https://www.tiktok.com/@mrgibb0n/video/7501661674009529622,harmful
scandal,https://www.tiktok.com/@abscbn/video/7522046963584404741,harmful
travel,https://www.tiktok.com/@travel.expectations/video/7530173475638594846,not_harmful
cat,https://www.tiktok.com/@lovelyhcats/video/7432546573940296981,not_harmful
sexy,https://www.tiktok.com/@arlndreamae223/video/7562040573721316615,harmful
fight,https://www.tiktok.com/@patkorekordz/video/6924346688077450502,harmful
thethao,https://www.tiktok.com/@thethao358/video/7465654796511431954,not_harmful
travelvlog,https://www.tiktok.com/@clarissaacindy/video/7340328601067326741,not_harmful
lingerie,https://www.tiktok.com/@rmkfashion/video/7568588857134812438,harmful
podchill,https://www.tiktok.com/@havyyypod/video/7559074595882487061,harmful
science,https://www.tiktok.com/@thequizmaster4/video/7486162649500224799,not_harmful
music,https://www.tiktok.com/@tietzi209/video/7568442514634509586,not_harmful
pet,https://www.tiktok.com/@pateboo_/video/7568321120860998932,not_harmful
tech,https://www.tiktok.com/@exo..tech/video/7520947987875515655,not_harmful
meditation,https://www.tiktok.com/@lotusheart108/video/7554569774483639582,not_harmful
travelvlog,https://www.tiktok.com/@vanngonsapa/video/7569862702403718407,not_harmful
book,https://www.tiktok.com/@hom_nay_docgi/video/7270362530315341062,not_harmful
flirt,https://www.tiktok.com/@_georgianorth/video/7482470224629976342,harmful
reviewphim,https://www.tiktok.com/@ldc_movies/video/7569180168313392439,not_harmful
rượu,https://www.tiktok.com/@hien1106/video/7520260109163924752,harmful
makeup,https://www.tiktok.com/@cazsdarkside/video/7479729666471824656,not_harmful
weirdchallenge,https://www.tiktok.com/@therealoverloadcomedy/video/6989686187451501830,harmful
gọi_hồn,https://www.tiktok.com/@dsbaoan211/video/7568085567552900373,harmful
thucung,https://www.tiktok.com/@chutopets/video/7329363670868184338,not_harmful
fight,https://www.tiktok.com/@t.621995/video/6788067340660608258,harmful
selfcare,https://www.tiktok.com/@princeofdi5aster/video/7445760419924413728,not_harmful
tech,https://www.tiktok.com/@jusnei_/video/7435993467953614087,not_harmful
car,https://www.tiktok.com/@car_world95/video/7436922190768966930,not_harmful
plant,https://www.tiktok.com/@engers_garden/video/7495683084856118550,not_harmful
quotes,https://www.tiktok.com/@cived/video/7563020582539906326,not_harmful
weirdchallenge,https://www.tiktok.com/@chiponastraw1/video/6937001195714219270,harmful
music,https://www.tiktok.com/@jkmusic_avee/video/7368071318736063762,not_harmful
sachhay,https://www.tiktok.com/@shyn_chi004/video/7512994860673076501,not_harmful
hầu_đồng,https://www.tiktok.com/@chiling_06/video/7556113120951831815,harmful
psychic,https://www.tiktok.com/@pandas_dream_life/video/7508219508587253014,harmful
selfcare,https://www.tiktok.com/@xiaohongshugb/video/7471780379305741623,not_harmful
streetfight,https://www.tiktok.com/@sashko.project/video/7452079126237728022,harmful
travelvlog,https://www.tiktok.com/@uplifted_1999/video/7484577091959278856,not_harmful
fortuneteller,https://www.tiktok.com/@stn0710/video/7539622343346244895,harmful
rượu,https://www.tiktok.com/@thuyot2005/video/7480905547395386642,harmful
troll,https://www.tiktok.com/@v.v9703/video/7566206594414038280,harmful
nature,https://www.tiktok.com/@yi_pov_life/video/7518255763375115551,not_harmful
lừa_đảo,https://www.tiktok.com/@linhxinhgai0108/video/7564066078519840021,harmful
healthy,https://www.tiktok.com/@mari_qadri/video/7419748853294959918,not_harmful
car,https://www.tiktok.com/@f1rstmotors/video/7552435988535053575,not_harmful
inspiration,https://www.tiktok.com/@al_nuur_en/video/7528138717660318998,not_harmful
thethao,https://www.tiktok.com/@nahtviez/video/7561390792984546578,not_harmful
meditation,https://www.tiktok.com/@maza5887/video/7503958611744312583,not_harmful
18plus,https://www.tiktok.com/@thaireview96/video/7516748075285613842,harmful
lifehack,https://www.tiktok.com/@haiphsgu0kp/video/7568036462944472351,not_harmful
learning,https://www.tiktok.com/@studywjul/video/7489193709012110614,not_harmful
congnghe,https://www.tiktok.com/@ntn3535/video/7560271330185284872,not_harmful
motivation,https://www.tiktok.com/@smart.mentality/video/7229798503558532378,not_harmful
ancungtiktok,https://www.tiktok.com/@yeubepofficial/video/7255612292715334918,not_harmful
environment,https://www.tiktok.com/@ieltsphidang/video/7296446104294542593,not_harmful
funny,https://www.tiktok.com/@funny.clips.off/video/7568528431349058838,not_harmful
lừa_đảo,https://www.tiktok.com/@phan_hoang_su/video/7560879032229776647,harmful
nature,https://www.tiktok.com/@l0nelysoul0/video/7545469157597334815,not_harmful
fortuneteller,https://www.tiktok.com/@thebesttrickseua/video/7527787226860686622,harmful
family,https://www.tiktok.com/@simplefamily.vt/video/7491662815585914130,not_harmful
review,https://www.tiktok.com/@betamreview68/video/7535281894984846600,not_harmful
car,https://www.tiktok.com/@susuphotography/video/7548883078928731410,not_harmful
thuthach,https://www.tiktok.com/@xuanphuoc1803/video/7566968692932660487,harmful
flirt,https://www.tiktok.com/@alvarjasmine09/video/7542523499915644167,harmful
sachhay,https://www.tiktok.com/@sachhay.offical/video/7177223404037115162,not_harmful
tarotreading,https://www.tiktok.com/@gnhun.tarot/video/7567742376286899477,harmful
bóc_phốt,https://www.tiktok.com/@bunthichyeubodoi/video/7551432669511372050,harmful
drama,https://www.tiktok.com/@lehvanfragrance/video/7491980215162309894,harmful
congnghe,https://www.tiktok.com/@suthatkhoahocc/video/7569579378082991368,not_harmful
selfcare,https://www.tiktok.com/@chippp18012011/video/7516886202285493511,not_harmful
inspiration,https://www.tiktok.com/@iamanhelina/video/7508878527647829253,not_harmful
game,https://www.tiktok.com/@tanphiphuyen/video/7291576125497593106,not_harmful
prankgonewrong,https://www.tiktok.com/@xyetysuma3/video/7569271115105848590,harmful
lừa_đảo,https://www.tiktok.com/@kenh14official/video/7566166640241429777,harmful
streetfight,https://www.tiktok.com/@learnselfdefense/video/7561402992369356044,harmful
bikini,https://www.tiktok.com/@store_thoitrangnu_dl/video/7550295833695030535,harmful
education,https://www.tiktok.com/@pumpwithlola/video/7566545852865563926,not_harmful
bullying,https://www.tiktok.com/@jieshuo1987/video/7526748242332126519,harmful
selfcare,https://www.tiktok.com/@saynasheikhh/video/7370466364647083310,not_harmful
sachhay,https://www.tiktok.com/@sachhay616/video/7510435738568232199,not_harmful
environment,https://www.tiktok.com/@learn.english.wit137/video/7517331774045719815,not_harmful
rượu,https://www.tiktok.com/@hoaluu_ruou_dong_dong/video/7554219991604694280,harmful
makeup,https://www.tiktok.com/@phathoang011010/video/7567775291012173073,not_harmful
chửi,https://www.tiktok.com/@sontinhvideo/video/6964555706536185090,harmful
thucung,https://www.tiktok.com/@luppetshop9/video/7487185998011436294,not_harmful
selfcare,https://www.tiktok.com/@tyberry_/video/7492411010528070919,not_harmful
đánh_nhau,https://www.tiktok.com/@tvh_xahoi/video/7538016440557800720,harmful
darkhumor,https://www.tiktok.com/@jeromeletendre392/video/7004967023298071814,harmful
tech,https://www.tiktok.com/@anhlabobi/video/7543839319144877313,not_harmful
thucung,https://www.tiktok.com/@milu3668/video/7459955139349187847,not_harmful
motivation,https://www.tiktok.com/@nopainnogain1902/video/7565834596663823637,not_harmful
healthy,https://www.tiktok.com/@ngc.hane/video/7519137673508916487,not_harmful
food,https://www.tiktok.com/@miauwchin/video/7456282001813818630,not_harmful
tarotreading,https://www.tiktok.com/@richantarot197/video/7567606432015666450,harmful
sport,https://www.tiktok.com/@yenam_real/video/7368350041712413960,not_harmful
body,https://www.tiktok.com/@jennyfitness2114/video/7563815065091198216,harmful
fortuneteller,https://www.tiktok.com/@mistress_fortune/video/7560287522597702920,harmful
vape,https://www.tiktok.com/@immortal_005/video/7548062541490965782,harmful
volunteer,https://www.tiktok.com/@vetsinitaly/video/7501304318931504439,not_harmful
game,https://www.tiktok.com/@tnplay88/video/7555839608907418887,not_harmful
diy,https://www.tiktok.com/@bekemxinhxinh1008/video/7564805689093164308,not_harmful
fashion,https://www.tiktok.com/@angelinazhq/video/7512638330870254866,not_harmful
comedy,https://www.tiktok.com/@the_fun_window/video/7499576471703358775,not_harmful
nauan,https://www.tiktok.com/@ashimnauan/video/7483884984441277703,not_harmful
smoking,https://www.tiktok.com/@vinafierce/video/7172632884019268890,harmful
drama,https://www.tiktok.com/@choitiptopparttime/video/7390712841352858888,harmful
makeup,https://www.tiktok.com/@imie0.0/video/7554961221632478482,not_harmful
review,https://www.tiktok.com/@tungss93/video/7299069916634713345,not_harmful
book,https://www.tiktok.com/@book4542/video/7540301636283993352,not_harmful
pet,https://www.tiktok.com/@ka.mala1301/video/7556286667657645333,not_harmful
tarotreading,https://www.tiktok.com/@lenlavernatarot/video/7375727940497050887,harmful
fashion,https://www.tiktok.com/@all.fashion261/video/7515444473518624018,not_harmful
bạo_lực,https://www.tiktok.com/@tiktokhungngo/video/7389680430762528007,harmful
bói_toán,https://www.tiktok.com/@thaygiaotoan1980/video/7540681346457390354,harmful
superstition,https://www.tiktok.com/@joyjourneysvn/video/7318368244778192136,harmful
selfcare,https://www.tiktok.com/@vuhuonggianggg/video/7207695588647800090,not_harmful
selfcare,https://www.tiktok.com/@hanhxuka2804/video/7546817733728423186,not_harmful
tarotreading,https://www.tiktok.com/@tarotwithserena/video/7446633140703038728,harmful
travel,https://www.tiktok.com/@suonbichar5/video/7530292110893862151,not_harmful
drunk,https://www.tiktok.com/@ellieamyyx/video/7552651298798144790,harmful
thucung,https://www.tiktok.com/@thienchuc95/video/7320530969566465298,not_harmful
streetfight,https://www.tiktok.com/@wwe/video/7556345727962582303,harmful
gáixinh,https://www.tiktok.com/@emnhoanhruihuhu/video/7566989439629643028,harmful
alcohol,https://www.tiktok.com/@wack.official/video/7542466606945946898,harmful
scandal,https://www.tiktok.com/@etvscandal/video/7568392883540151568,harmful
podchill,https://www.tiktok.com/@caubebandongon01/video/7218949818792594714,harmful
reactiondrama,https://www.tiktok.com/@tv360.vn/video/7525647624431619336,harmful
flirt,https://www.tiktok.com/@winter.lyn13/video/7528433451691789574,harmful
thuthach,https://www.tiktok.com/@cel03n/video/7534760890181143815,harmful
chửi_thề,https://www.tiktok.com/@quocempanda/video/7478992553853914375,harmful
meditation,https://www.tiktok.com/@jcalardo/video/7285526017949682986,not_harmful
sport,https://www.tiktok.com/@sportswomen00/video/7544348425131756808,not_harmful
reviewphim,https://www.tiktok.com/@mecoiphim102/video/7553616436183305480,not_harmful
giadinh,https://www.tiktok.com/@minhkhanq06/video/7526593325936299271,not_harmful
selfcare,https://www.tiktok.com/@graceglowhq/video/7566636316876737812,not_harmful
hầu_đồng,https://www.tiktok.com/@cauquan_phongthuy/video/7569553527958162696,harmful
pet,https://www.tiktok.com/@pds_17514/video/7566114773897694485,not_harmful
body,https://www.tiktok.com/@cemilanpejabat008/video/7407680703988583686,harmful
travel,https://www.tiktok.com/@thanhphieustore2001/video/7548329772460346632,not_harmful
environment,https://www.tiktok.com/@glow_greenn/video/7483348701147155742,not_harmful
diy,https://www.tiktok.com/@diy1368/video/7232312663341157658,not_harmful
garden,https://www.tiktok.com/@999phroblox/video/7567220883891277074,not_harmful
darkhumor,https://www.tiktok.com/@ghegohopvoimoitruong23/video/7383903752689896711,harmful
coding,https://www.tiktok.com/@tunkit6080/video/7555034931395562770,not_harmful
pet,https://www.tiktok.com/@luck.ne/video/7361771555183021328,not_harmful
inspiration,https://www.tiktok.com/@borniicon/video/7563257368679779586,not_harmful
lifehack,https://www.tiktok.com/@lfhack777/video/7568857865121795346,not_harmful
plant,https://www.tiktok.com/@tiemloa/video/7567772942759677191,not_harmful
diy,https://www.tiktok.com/@diy.projectd/video/7414987889370582305,not_harmful
education,https://www.tiktok.com/@goc_.nho/video/7563127250548264193,not_harmful
diy,https://www.tiktok.com/@thienmink1/video/7281519404892933377,not_harmful
thuthach,https://www.tiktok.com/@tdhthuthachbanthan/video/7569578993620356369,harmful
game,https://www.tiktok.com/@babytieuan/video/7488252122824314118,not_harmful
tech,https://www.tiktok.com/@ngxcnguyen04/video/7454967327164042514,not_harmful
gianghomang,https://www.tiktok.com/@gianghomang247/video/7496790851838954760,harmful
fitness,https://www.tiktok.com/@emoshop2k/video/7429897060087893264,not_harmful
seductive,https://www.tiktok.com/@kathpi1rce/video/7556165776164523320,harmful
music,https://www.tiktok.com/@jinoremix_1005/video/7557509684240993556,not_harmful
darkhumor,https://www.tiktok.com/@1khovenucuoi_/video/7447735099182877968,harmful
recipe,https://www.tiktok.com/@green.health.2/video/7531048900212411670,not_harmful
troll,https://www.tiktok.com/@nhinconcac187/video/7277484097180667154,harmful
reviewphim,https://www.tiktok.com/@fendy18337/video/7541189223144017170,not_harmful
healthy,https://www.tiktok.com/@bobapsongkhoe/video/7446381843919785234,not_harmful
plant,https://www.tiktok.com/@vomanhquan123/video/7569104853209746706,not_harmful
bullying,https://www.tiktok.com/@vincent.ton/video/7236388355351661831,harmful
sachhay,https://www.tiktok.com/@tiemsachnhaun1/video/7546269820887584018,not_harmful
recipe,https://www.tiktok.com/@iramsfoodstory/video/7569333096605093175,not_harmful
tarotreading,https://www.tiktok.com/@tarot.wchan/video/7566231748879699218,harmful
plant,https://www.tiktok.com/@pvz_zone/video/7565877969311354130,not_harmful
funny,https://www.tiktok.com/@funny_animal_videos_1/video/7569286766876937475,not_harmful
darkhumor,https://www.tiktok.com/@thebestfishmonster/video/7560711999835983122,harmful
nature,https://www.tiktok.com/@megaamerican/video/7302310711923903787,not_harmful
toxic,https://www.tiktok.com/@imnottired_210/video/7447910362109824263,harmful
nature,https://www.tiktok.com/@samuraiky/video/7561827045118872853,not_harmful
food,https://www.tiktok.com/@sharmainesiu/video/7253541493137329409,not_harmful
rượu,https://www.tiktok.com/@userrvrx69i2l2/video/7189885163298360603,harmful
mê_tín_dị_đoan,https://www.tiktok.com/@60giay.com/video/7452688664712334610,harmful
cat,https://www.tiktok.com/@mmcats/video/7523202626222148882,not_harmful
recipe,https://www.tiktok.com/@kari_cooking/video/7513957002436037910,not_harmful
thucung,https://www.tiktok.com/@chilldogs86/video/7532490846537633032,not_harmful
bullying,https://www.tiktok.com/@clippyasistente/video/7538163347548785925,harmful
podchill,https://www.tiktok.com/@maluongdth13/video/7298273110380399890,harmful
hầu_đồng,https://www.tiktok.com/@chiling_06/video/7561659546083626248,harmful
mê_tín_dị_đoan,https://www.tiktok.com/@huongkhongreal/video/7569105457856417042,harmful
food,https://www.tiktok.com/@ladypink_ch/video/7515238200202317063,not_harmful
education,https://www.tiktok.com/@factknowledgeofficial0/video/7453008311806463250,not_harmful
study,https://www.tiktok.com/@vzy0501/video/7532738188503239957,not_harmful
alcohol,https://www.tiktok.com/@user689263738/video/7564149830893735181,harmful
tech,https://www.tiktok.com/@giuliaasff_/video/7548105600467488022,not_harmful
diy,https://www.tiktok.com/@hoai_decor/video/7559195903412718856,not_harmful
makeup,https://www.tiktok.com/@makeup4u6/video/7567669731042413831,not_harmful
fashion,https://www.tiktok.com/@sexy__models/video/7279105484043455749,not_harmful
travelvlog,https://www.tiktok.com/@craving4_u/video/7507275427346599175,not_harmful
dog,https://www.tiktok.com/@awan.shab666/video/7471557691974913302,not_harmful
environment,https://www.tiktok.com/@mdabulbashar7512/video/7258895304483736850,not_harmful
science,https://www.tiktok.com/@hungtt71773636/video/7510543625361607943,not_harmful
food,https://www.tiktok.com/@softiefufu/video/7560196501796883720,not_harmful
food,https://www.tiktok.com/@lethanhtuan4999/video/7538054530672626962,not_harmful
diy,https://www.tiktok.com/@tiemnhabongk/video/7557966791817923841,not_harmful
congnghe,https://www.tiktok.com/@beatvn_official/video/7231079099865812226,not_harmful
selfcare,https://www.tiktok.com/@mialicewu/video/7567164475577601310,not_harmful
review,https://www.tiktok.com/@work.cocaokhongngao/video/7483863842766753031,not_harmful
mê_tín_dị_đoan,https://www.tiktok.com/@chuyendong24hnews/video/7569589614772620562,harmful
bạo_lực,https://www.tiktok.com/@tien.dat62/video/7567713697733365000,harmful
environment,https://www.tiktok.com/@lebong95/video/7387014440765443346,not_harmful
ghosthunting,https://www.tiktok.com/@rexramosgascon/video/7402203440635546897,harmful
education,https://www.tiktok.com/@duhoc_isceducation/video/7528351573966064903,not_harmful
sexy,https://www.tiktok.com/@tarahjgowqz/video/7517584102053219602,harmful
meditation,https://www.tiktok.com/@f0xypony/video/7549049662037085461,not_harmful
scam,https://www.tiktok.com/@nam.hay.ho6/video/7465495534124403986,harmful
congnghe,https://www.tiktok.com/@khocongnghe/video/7549756932794420487,not_harmful
giadinh,https://www.tiktok.com/@khongxubg00/video/7560308463860092167,not_harmful
learning,https://www.tiktok.com/@goc_.nho/video/7562816518665325842,not_harmful
inspiration,https://www.tiktok.com/@koon1328/video/7545839421061385490,not_harmful
book,https://www.tiktok.com/@editsbysyy/video/7499436406339554578,not_harmful
nature,https://www.tiktok.com/@silentrefuges/video/7565278427419315464,not_harmful
gianghomang,https://www.tiktok.com/@s8.gianghomang/video/7562949732922887431,harmful
motivation,https://www.tiktok.com/@tri.fitness/video/7334659927178300680,not_harmful
đánh_nhau,https://www.tiktok.com/@kabe.economy/video/7537247965329509633,harmful
food,https://www.tiktok.com/@foodporn/video/7486607692149050670,not_harmful
meditation,https://www.tiktok.com/@phongsuongmusic/video/7564039272676773127,not_harmful
review,https://www.tiktok.com/@domini_/video/7534517943590325511,not_harmful
tech,https://www.tiktok.com/@tech/video/7561811349559463190,not_harmful
sachhay,https://www.tiktok.com/@sachhay7days_official/video/7185203232338185498,not_harmful
art,https://www.tiktok.com/@drtistt/video/7543948114005118228,not_harmful
lừa_đảo,https://www.tiktok.com/@theanh28entertainment/video/7442190384622603527,harmful
bóc_phốt,https://www.tiktok.com/@phukien689/video/7230686210451115270,harmful
pet,https://www.tiktok.com/@tini.pet4/video/7554737089519045896,not_harmful
seductive,https://www.tiktok.com/@youkuofficial/video/7115054345552481538,harmful
nature,https://www.tiktok.com/@firda_bbx/video/7409513180243791109,not_harmful
sachhay,https://www.tiktok.com/@sachhay.moingay3/video/7566084466771414280,not_harmful
gáixinh,https://www.tiktok.com/@_h.tramy_/video/7554323177288174856,harmful
hầu_đồng,https://www.tiktok.com/@candong.solinh/video/7568331329394183431,harmful
learning,https://www.tiktok.com/@_.cte.hihi._/video/7569593325628476690,not_harmful
car,https://www.tiktok.com/@growerdn/video/7470738137816354053,not_harmful
inspiration,https://www.tiktok.com/@sedyyfilms/video/7537710270127328534,not_harmful
art,https://www.tiktok.com/@ww_brand/video/7557599984359771399,not_harmful
plant,https://www.tiktok.com/@kidzrod89/video/7483881817355865351,not_harmful
recipe,https://www.tiktok.com/@thanhtuyendaily/video/7272583467416784130,not_harmful
fashion,https://www.tiktok.com/@hmcwl/video/7437839883328326958,not_harmful
nauan,https://www.tiktok.com/@anngonmoingay868/video/7560335427899624724,not_harmful
psychic,https://www.tiktok.com/@psychicsbetty/video/7514910619875675435,harmful
learning,https://www.tiktok.com/@lisasenglishcorner/video/7322677846361623816,not_harmful
healthy,https://www.tiktok.com/@by.seoyeonn/video/7567411904570723602,not_harmful
quotes,https://www.tiktok.com/@oocoffeeandtea/video/7494113671371623688,not_harmful
bói_toán,https://www.tiktok.com/@dacsanmientay3659/video/7514346022890425607,harmful
funny,https://www.tiktok.com/@funny_take32/video/7211488504876977414,not_harmful
weirdchallenge,https://www.tiktok.com/@minchinjc/video/7543433929596865810,harmful
seductive,https://www.tiktok.com/@xiaotaoxu134/video/7539201638385356050,harmful
pet,https://www.tiktok.com/@cute.pet359/video/7567249597265923335,not_harmful
book,https://www.tiktok.com/@blairlikesbooks/video/7552209947681951007,not_harmful
shockcontent,https://www.tiktok.com/@diva8476bkup/video/7115694576207154438,harmful
ghosthunting,https://www.tiktok.com/@officialemptyalien/video/7216766248116325637,harmful
kiss,https://www.tiktok.com/@star.ryse/video/7546145503734402326,harmful
sachhay,https://www.tiktok.com/@mt.ti.tm.l/video/7568384313830526226,not_harmful
gáixinh,https://www.tiktok.com/@bedenstylist/video/7511411784163609864,harmful
garden,https://www.tiktok.com/@hoangvinhhh/video/7520873645493832968,not_harmful
study,https://www.tiktok.com/@phmq0.5/video/7569222960431582482,not_harmful
psychic,https://www.tiktok.com/@psychicspells333/video/7569705454188760351,harmful
fakenews,https://www.tiktok.com/@vtv24news/video/7291594085868064001,harmful
chửi_thề,https://www.tiktok.com/@conan.doraemon.jadoo/video/7421873040901819656,harmful
review,https://www.tiktok.com/@hoangminhngoc21/video/7047094353637936386,not_harmful
flirt,https://www.tiktok.com/@emmakihlander/video/7170300257723600134,harmful
motivation,https://www.tiktok.com/@tj.f_8/video/7535049143144729863,not_harmful
fitness,https://www.tiktok.com/@fitnesstips369/video/7566084813359254806,not_harmful
trippy,https://www.tiktok.com/@lllusionhypnosis/video/7454390541040520454,harmful
podchill,https://www.tiktok.com/@cbdnhatban/video/7465911760835333384,harmful
tech,https://www.tiktok.com/@lyhai.luxury/video/7554371696384576786,not_harmful
fashion,https://www.tiktok.com/@cortis_bighit/video/7553971800296656148,not_harmful
fakenews,https://www.tiktok.com/@theanh28entertainment/video/7452976939393879317,harmful
thethao,https://www.tiktok.com/@daohongson.bjj/video/7534582697981660423,not_harmful
thethao,https://www.tiktok.com/@24h.sports/video/7464173357882297608,not_harmful
lifehack,https://www.tiktok.com/@gladissahm/video/7519676720241200415,not_harmful
recipe,https://www.tiktok.com/@wettmelons.bbq/video/7313754474638511361,not_harmful
bói_toán,https://www.tiktok.com/@luckymayman2/video/7531346138843122951,harmful
car,https://www.tiktok.com/@johnfor_ml/video/7477460809531002130,not_harmful
prankgonewrong,https://www.tiktok.com/@therpiprank/video/7569332494949043469,harmful
fakenews,https://www.tiktok.com/@nnpc94/video/7564778581969227015,harmful
prankgonewrong,https://www.tiktok.com/@j.a.m.i.e.a.l.y.s.s.a/video/7565695999960730894,harmful
environment,https://www.tiktok.com/@ieltsikesstudy/video/7518743835736919312,not_harmful
lừa_đảo,https://www.tiktok.com/@we25.vn/video/7515290299069975826,harmful
bay_lắc,https://www.tiktok.com/@thegioibaybum/video/7553548977375841543,harmful
ancungtiktok,https://www.tiktok.com/@dieutrinh_1407/video/7501284585456553224,not_harmful
superstition,https://www.tiktok.com/@danielchaconx/video/7527112405868940557,harmful
fitness,https://www.tiktok.com/@bjarnson_fitness/video/7532891656018726199,not_harmful
tarotreading,https://www.tiktok.com/@paradisetarot/video/7213357474856881435,harmful
tech,https://www.tiktok.com/@nhat.linh.phan.drip/video/7551420607850646792,not_harmful
thuthach,https://www.tiktok.com/@tanvabowlki/video/7557759017762737416,harmful
meditation,https://www.tiktok.com/@peaceful.melody.wo/video/7399797588330892562,not_harmful
garden,https://www.tiktok.com/@khoithegarden/video/7569599921427467528,not_harmful
travel,https://www.tiktok.com/@travel.expectations/video/7543850001064037662,not_harmful
tín_dụng_đen,https://www.tiktok.com/@huyen.metaichinh84/video/7481475292297530632,harmful
travel,https://www.tiktok.com/@asiatravel1102/video/7559229275929447702,not_harmful
xem_bói,https://www.tiktok.com/@phongthuytamkhoa/video/6946148503018032385,harmful
dog,https://www.tiktok.com/@chuottuiyeupet/video/7478237946294947079,not_harmful
music,https://www.tiktok.com/@music_vibe_with_martinn/video/7506863376455175431,not_harmful
sachhay,https://www.tiktok.com/@nguontrithuc/video/7566536815096679698,not_harmful
music,https://www.tiktok.com/@crocus.cmg/video/7529466543529348359,not_harmful
art,https://www.tiktok.com/@mottt326/video/7479621087907843346,not_harmful
thethao,https://www.tiktok.com/@24h.sports/video/7518349706234187026,not_harmful
lingerie,https://www.tiktok.com/@shuls.c03/video/7567965599402380562,harmful
superstition,https://www.tiktok.com/@miyuki.1028/video/7434255767869443336,harmful
gianghomang,https://www.tiktok.com/@diepvien8888/video/7556995111054298390,harmful
family,https://www.tiktok.com/@elisa.bajj/video/7564178376614006019,not_harmful
sport,https://www.tiktok.com/@laliga/video/7511355182295420162,not_harmful
bay_lắc,https://www.tiktok.com/@xiaomi4857/video/7555298734133873938,harmful
plant,https://www.tiktok.com/@pipi_plant/video/7569862402515389703,not_harmful
comedy,https://www.tiktok.com/@kuyamax95/video/7564323206606130455,not_harmful
travel,https://www.tiktok.com/@dmwuans/video/7475774787206335745,not_harmful
giadinh,https://www.tiktok.com/@huutinhhh_/video/7552564330743565575,not_harmful
seductive,https://www.tiktok.com/@movie_world_02/video/7552910367475715350,harmful
thethao,https://www.tiktok.com/@24h.sports/video/7540506141835529479,not_harmful
fakenews,https://www.tiktok.com/@skynews/video/7163881550172540165,harmful
lừa_đảo,https://www.tiktok.com/@duyyy.real.channel/video/7562425668965928212,harmful
education,https://www.tiktok.com/@thegoldenkraynium/video/7502527306020211973,not_harmful
car,https://www.tiktok.com/@smitty_made_it/video/7567104205052267789,not_harmful
art,https://www.tiktok.com/@bunniie_26/video/7557346848508316946,not_harmful
bay_lắc,https://www.tiktok.com/@girlxinhtq224/video/7482757408780078343,harmful
fakenews,https://www.tiktok.com/@factcheckvn/video/7161717692175617281,harmful
flirt,https://www.tiktok.com/@aka_animates/video/7462768289316375815,harmful
travelvlog,https://www.tiktok.com/@ujunhs_/video/7481695243016949010,not_harmful
nauan,https://www.tiktok.com/@cao.minhtrang/video/7538460292095708417,not_harmful
bikini,https://www.tiktok.com/@thembunbohuez/video/7547540342174797063,harmful
family,https://www.tiktok.com/@beautifymeeh/video/7374652340764200199,not_harmful
bói_bài,https://www.tiktok.com/@tieunhuocvu/video/6970546313234517250,harmful
thuthach,https://www.tiktok.com/@sudauto/video/7567322659235663112,harmful
phóng_lợn,https://www.tiktok.com/@vuahaitacc/video/7245041623803923718,harmful
family,https://www.tiktok.com/@joandkemp/video/7565594598840569143,not_harmful
environment,https://www.tiktok.com/@we.green/video/7295364593847651585,not_harmful
chửi_thề,https://www.tiktok.com/@memeduc.com/video/7534291215219526930,harmful
dog,https://www.tiktok.com/@littlemanyu/video/7545792747177856270,not_harmful
darkhumor,https://www.tiktok.com/@odinseyeofficial/video/7566771849519025439,harmful
kiss,https://www.tiktok.com/@xoteam/video/7201464954451512578,harmful
bạo_lực,https://www.tiktok.com/@tuongvyy/video/7299793257532312850,harmful
car,https://www.tiktok.com/@espn/video/7504418799089634591,not_harmful
gáixinh,https://www.tiktok.com/@userbaonnhi2003/video/7506204274045488402,harmful
18plus,https://www.tiktok.com/@mintra99/video/7284490345172323590,harmful
troll,https://www.tiktok.com/@12a5phungoc/video/7432277730810514695,harmful
fashion,https://www.tiktok.com/@xinhmotion/video/7556988264582827281,not_harmful
travel,https://www.tiktok.com/@hagianglooptourguide/video/7564008050126818567,not_harmful
ancungtiktok,https://www.tiktok.com/@haiyenday94/video/7539103773008923911,not_harmful
travelvlog,https://www.tiktok.com/@lana23.11/video/7450112190981459208,not_harmful
travelvlog,https://www.tiktok.com/@mamhoangdaily/video/7569491594462711058,not_harmful
travel,https://www.tiktok.com/@travelwithhaibinh/video/7545728355342044423,not_harmful
coding,https://www.tiktok.com/@hellomau8/video/7568434801212984584,not_harmful
congnghe,https://www.tiktok.com/@taphoatd17/video/7561765961402010887,not_harmful
fakenews,https://www.tiktok.com/@chongtingia/video/7531303597175278856,harmful
learning,https://www.tiktok.com/@learningenglish370/video/7556384119589014806,not_harmful
motivation,https://www.tiktok.com/@vt.m.dng1/video/7548815364138847489,not_harmful
study,https://www.tiktok.com/@tuilatlinhhne_/video/7567351800374791432,not_harmful
game,https://www.tiktok.com/@bossgames18plus/video/7558682569399618847,not_harmful
scandal,https://www.tiktok.com/@liamz08/video/7229465749021035782,harmful
nauan,https://www.tiktok.com/@quan206_/video/7491340169296039175,not_harmful
family,https://www.tiktok.com/@lionelferro/video/7295734221946113286,not_harmful
recipe,https://www.tiktok.com/@trangnguyen1504_hn/video/7567630412256726293,not_harmful
volunteer,https://www.tiktok.com/@elfblueeyes/video/7054911503622737179,not_harmful
music,https://www.tiktok.com/@music202_/video/7533205815554034952,not_harmful
scandal,https://www.tiktok.com/@vidiooriginals/video/7187351521045105946,harmful
sachhay,https://www.tiktok.com/@vuilenreview/video/7565357616596077844,not_harmful
giadinh,https://www.tiktok.com/@2embeiui/video/7568907088429321493,not_harmful
funny,https://www.tiktok.com/@funnykitten01/video/7509468082600054059,not_harmful
book,https://www.tiktok.com/@ibrahimlistens/video/7122883596334927105,not_harmful
xem_bói,https://www.tiktok.com/@hoangnganarmy/video/7470498036817349896,harmful
gáixinh,https://www.tiktok.com/@douyin.beautifulgirls/video/7492769921949027602,harmful
smoking,https://www.tiktok.com/@hamzaonfy/video/6655733569211600134,harmful
motivation,https://www.tiktok.com/@tj.f_8/video/7534661181768781064,not_harmful
bikini,https://www.tiktok.com/@depla.me/video/7509377536078466322,harmful
18plus,https://www.tiktok.com/@quocthien567/video/7263507867200736520,harmful
ancungtiktok,https://www.tiktok.com/@minn.cookie/video/7559531368049397010,not_harmful
tarotreading,https://www.tiktok.com/@tarot.airline6/video/7569865472695454984,harmful
lingerie,https://www.tiktok.com/@0sam_ne/video/7507154213093264648,harmful
makeup,https://www.tiktok.com/@makeupdema/video/7497082995862408449,not_harmful
tarotreading,https://www.tiktok.com/@mysticalcreations33/video/7496751914466561311,harmful
garden,https://www.tiktok.com/@bancongxinh.hn/video/7480015649071189255,not_harmful
vape,https://www.tiktok.com/@hilawkoreano/video/7343984036047621382,harmful
study,https://www.tiktok.com/@_studygram21/video/7558408065809255698,not_harmful
flirt,https://www.tiktok.com/@luvtovah/video/7295068626355293445,harmful
inspiration,https://www.tiktok.com/@ben.lionel.scott61/video/7567725220455337229,not_harmful
reactiondrama,https://www.tiktok.com/@lily_jvne/video/7411911322562055430,harmful
coding,https://www.tiktok.com/@hocdecungcole/video/7516124934519688455,not_harmful
healthy,https://www.tiktok.com/@chaostocalm280106/video/7568018703514635541,not_harmful
hầu_đồng,https://www.tiktok.com/@linh_linh2411/video/7366249508902128914,harmful
drama,https://www.tiktok.com/@dedewahyuni01/video/7506864244336430354,harmful
weirdchallenge,https://www.tiktok.com/@charlesandallie/video/6818572145816341765,harmful
nauan,https://www.tiktok.com/@user02061996/video/7553840971360898311,not_harmful
shockcontent,https://www.tiktok.com/@gali.golann/video/7443778363321371950,harmful
bói_toán,https://www.tiktok.com/@vanba.04_9/video/7466751117163072786,harmful
environment,https://www.tiktok.com/@dungbrave2206/video/7170690342625283355,not_harmful
flirt,https://www.tiktok.com/@veronica_loveoxox/video/7526335002871663902,harmful
quotes,https://www.tiktok.com/@quotesforyouu6/video/7569386606558268686,not_harmful
gai18,https://www.tiktok.com/@hot.alev/video/7536368737922895122,harmful
fitness,https://www.tiktok.com/@iseulhana/video/7481929372417477906,not_harmful
bay_lắc,https://www.tiktok.com/@vitamingaixinh94/video/7230612490072198405,harmful
bay_lắc,https://www.tiktok.com/@baybumbaydiu/video/7552036024445193480,harmful
flirt,https://www.tiktok.com/@timschaecker/video/7151811431573245189,harmful
volunteer,https://www.tiktok.com/@c4cvietnam/video/7456779355457473810,not_harmful
flirt,https://www.tiktok.com/@emerita.mx/video/7559552909625576735,harmful
seductive,https://www.tiktok.com/@jaysayat2/video/7473456778072689963,harmful
